{
	"themeName": "Deep Black",
	"default": {
		"fgColor": "FFFFFF",
		"bgColor": "000000"
	},
	"heading": {
		"fgColor": "FF6600"
	},
	"emphasis": {
		"fgColor": "FFFF00"
	},
	"orderedList": {
		"fgColor": "99CC99"
	},
	"unorderedList": {
		"fgColor": "339999"
	},
	"code": {
		"fgColor": "66FF00"
	},
	"link": {
		"fgColor": "999966"
	},
	"comment": {
		"fgColor": "00FF00"
	},
	"gfm": {
		"table": true
	},
	"goodies": {
		"highlightHex": false,
		"extraProtocols": "ftp://, ftps://"
	},
	"flags": {
		"transparentBg": false,
		"asteriskUnorderedList": false
	}
}
