{
	"themeName": "Blackboard",
	"default": {
		"fgColor": "F8F8F8",
		"bgColor": "0C1021"
	},
	"heading": {
		"fgColor": "FF6400"
	},
	"emphasis": {
		"fgColor": "8DA6CE"
	},
	"orderedList": {
		"fgColor": "D8FA3C"
	},
	"unorderedList": {
		"fgColor": "FBDE2D"
	},
	"code": {
		"fgColor": "61CE3C"
	},
	"link": {
		"fgColor": "7F90AA"
	},
	"comment": {
		"fgColor": "AEAEAE"
	},
	"gfm": {
		"table": true
	},
	"goodies": {
		"highlightHex": false,
		"extraProtocols": "ftp://, ftps://"
	},
	"flags": {
		"transparentBg": false,
		"asteriskUnorderedList": false
	}
}
