{
	"themeName": "Solarized-light",
	"default": {
		"fgColor": "657B83",
		"bgColor": "FDF6E3"
	},
	"heading": {
		"fgColor": "CB4B16"
	},
	"emphasis": {
		"fgColor": "586E75"
	},
	"orderedList": {
		"fgColor": "2AA198"
	},
	"unorderedList": {
		"fgColor": "2AA198"
	},
	"code": {
		"fgColor": "719E07"
	},
	"link": {
		"fgColor": "268BD2"
	},
	"comment": {
		"fgColor": "93A1A1"
	},
	"gfm": {
		"table": true
	},
	"goodies": {
		"highlightHex": false,
		"extraProtocols": "ftp://, ftps://"
	},
	"flags": {
		"transparentBg": false,
		"asteriskUnorderedList": false
	}
}
