{
	"themeName": "Twilight",
	"default": {
		"fgColor": "F8F8F8",
		"bgColor": "141414"
	},
	"heading": {
		"fgColor": "9B703F"
	},
	"emphasis": {
		"fgColor": "E9C062"
	},
	"orderedList": {
		"fgColor": "F9EE98"
	},
	"unorderedList": {
		"fgColor": "F9EE98"
	},
	"code": {
		"fgColor": "8F9D6A"
	},
	"link": {
		"fgColor": "7587A6"
	},
	"comment": {
		"fgColor": "5F5A60"
	},
	"gfm": {
		"table": true
	},
	"goodies": {
		"highlightHex": false,
		"extraProtocols": "ftp://, ftps://"
	},
	"flags": {
		"transparentBg": false,
		"asteriskUnorderedList": false
	}
}
