{
	"themeName": "Zenburn",
	"default": {
		"fgColor": "DCDCCC",
		"bgColor": "3F3F3F"
	},
	"heading": {
		"fgColor": "FF8040"
	},
	"emphasis": {
		"fgColor": "E3CEAB"
	},
	"orderedList": {
		"fgColor": "8CD0D3"
	},
	"unorderedList": {
		"fgColor": "DFC47D"
	},
	"code": {
		"fgColor": "CEDF99"
	},
	"link": {
		"fgColor": "EDD6ED"
	},
	"comment": {
		"fgColor": "7F9F7F"
	},
	"gfm": {
		"table": true
	},
	"goodies": {
		"highlightHex": false,
		"extraProtocols": "ftp://, ftps://"
	},
	"flags": {
		"transparentBg": false,
		"asteriskUnorderedList": false
	}
}
